City_ID,City,Country,Date,Lat,Lng,Max Temp,Humidity,Cloudiness,Wind Speed
0,Visnes,NO,2022-01-26 19:42:53,59.3556,5.2242,43.57,87,75,26.46
1,Vaini,TO,2022-01-26 19:42:54,-21.2,-175.2,78.96,89,20,2.3
2,Bonfim,BR,2022-01-26 19:42:54,3.0833,-59.95,92.43,39,98,4.05
3,Punta Arenas,CL,2022-01-26 19:42:54,-53.15,-70.9167,57.22,62,0,21.85
4,Isiro,CD,2022-01-26 19:42:55,2.7739,27.616,72.25,38,100,2.71
5,New Norfolk,AU,2022-01-26 19:42:55,-42.7826,147.0587,62.71,71,100,1.01
6,Oistins,BB,2022-01-26 19:42:55,13.0667,-59.5333,82.49,61,40,11.5
7,Thompson,CA,2022-01-26 19:42:56,55.7435,-97.8558,6.96,72,75,12.66
8,Bronnoysund,NO,2022-01-26 19:42:56,65.4625,12.1997,39.2,87,75,13.8
9,Huarmey,PE,2022-01-26 19:42:56,-10.0681,-78.1522,76.15,72,24,12.21
10,Ponta Do Sol,PT,2022-01-26 19:42:57,32.6667,-17.1,59.72,65,84,9.15
11,Albany,US,2022-01-26 19:42:57,42.6001,-73.9662,21.16,44,14,8.01
12,Kodiak,US,2022-01-26 19:42:57,57.79,-152.4072,33.31,86,100,10.36
13,Nikolskoye,RU,2022-01-26 19:42:58,59.7035,30.7861,25.88,89,100,8.79
14,Khakhea,BW,2022-01-26 19:42:58,-24.6895,23.494,80.82,41,91,9.26
15,Vaitape,PF,2022-01-26 19:42:58,-16.5167,-151.75,80.83,76,97,16.42
16,Jamestown,US,2022-01-26 19:42:59,42.097,-79.2353,20.17,53,75,5.99
17,Praia Da Vitoria,PT,2022-01-26 19:42:59,38.7333,-27.0667,59.76,82,75,9.04
18,Soe,ID,2022-01-26 19:42:59,-9.8607,124.284,67.17,89,99,4.18
19,Kruisfontein,ZA,2022-01-26 19:43:00,-34.0033,24.7314,67.89,93,100,6.73
20,Mataura,NZ,2022-01-26 19:43:00,-46.1927,168.8643,52.48,96,61,4.63
21,Portland,US,2022-01-26 19:40:44,45.5234,-122.6762,47.61,66,1,1.99
22,Dikson,RU,2022-01-26 19:43:00,73.5069,80.5464,13.68,92,100,28.97
23,Puri,IN,2022-01-26 19:43:01,19.8,85.85,68.52,73,13,9.04
24,Tuatapere,NZ,2022-01-26 19:43:01,-46.1333,167.6833,52.83,83,85,9.24
25,Ust-Nera,RU,2022-01-26 19:43:01,64.5667,143.2,-38.87,99,70,2.08
26,Tasiilaq,GL,2022-01-26 19:43:02,65.6145,-37.6368,15.96,68,100,0.43
27,Sao Filipe,CV,2022-01-26 19:43:02,14.8961,-24.4956,76.48,64,68,14.61
28,Codrington,AU,2022-01-26 19:43:03,-38.2667,141.9667,67.59,91,10,1.5
29,Hermanus,ZA,2022-01-26 19:43:03,-34.4187,19.2345,66.79,81,100,13.8
30,Port-Cartier,CA,2022-01-26 19:43:03,50.0334,-66.8654,0.75,73,5,8.7
31,Komsomolskiy,UZ,2022-01-26 19:43:04,40.4272,71.7189,33.22,80,0,4.61
32,Saint-Philippe,RE,2022-01-26 19:43:04,-21.3585,55.7679,72.99,69,81,8.79
33,Malatya,TR,2022-01-26 19:43:04,38.5,38.0,26.65,93,100,1.14
34,Ribeira Grande,PT,2022-01-26 19:43:05,38.5167,-28.7,59.4,77,40,9.22
35,Augusto Correa,BR,2022-01-26 19:43:05,-1.0217,-46.635,79.43,79,97,5.3
36,Khatanga,RU,2022-01-26 19:43:05,71.9667,102.5,-5.58,86,97,10.6
37,Leningradskiy,RU,2022-01-26 19:43:06,69.3833,178.4167,-27.44,88,32,3.67
38,Qaanaaq,GL,2022-01-26 19:43:06,77.484,-69.3632,-8.91,62,94,7.45
39,San Ramon,US,2022-01-26 19:41:21,37.7799,-121.978,60.39,73,0,1.01
40,Qasigiannguit,GL,2022-01-26 19:43:07,68.8193,-51.1922,17.85,95,100,7.02
41,Oytal,KZ,2022-01-26 19:43:07,42.9057,73.2697,30.49,50,0,4.7
42,Bujumbura,BI,2022-01-26 19:44:07,-3.3822,29.3644,73.9,82,99,1.23
43,Tabou,CI,2022-01-26 19:44:08,4.423,-7.3528,79.79,78,57,8.19
44,Bluff,NZ,2022-01-26 19:44:08,-46.6,168.3333,52.81,65,69,15.57
45,Winneba,GH,2022-01-26 19:44:08,5.3511,-0.6231,81.07,66,0,7.72
46,Atuona,PF,2022-01-26 19:44:09,-9.8,-139.0333,78.71,78,11,18.59
47,Yellowknife,CA,2022-01-26 19:44:09,62.456,-114.3525,6.42,89,75,5.75
48,Tikhvin,RU,2022-01-26 19:44:09,59.6451,33.5294,13.48,95,100,6.13
49,Hobart,AU,2022-01-26 19:44:10,-42.8794,147.3294,63.05,77,75,3.0
50,Tezu,IN,2022-01-26 19:44:10,27.9167,96.1667,54.81,76,83,3.56
51,Pallasovka,RU,2022-01-26 19:44:10,50.05,46.8833,18.72,98,97,5.61
52,Chokurdakh,RU,2022-01-26 19:44:11,70.6333,147.9167,-29.02,98,33,11.23
53,East London,ZA,2022-01-26 19:44:11,-33.0153,27.9116,74.7,89,100,7.52
54,Rikitea,PF,2022-01-26 19:44:11,-23.1203,-134.9692,78.13,77,4,20.27
55,San Lorenzo,PY,2022-01-26 19:44:12,-25.3333,-57.5333,104.94,27,75,5.75
56,Avarua,CK,2022-01-26 19:44:12,-21.2078,-159.775,82.45,83,20,13.8
57,Burns Lake,CA,2022-01-26 19:44:12,54.2331,-125.7533,11.62,91,100,1.01
58,Kapaa,US,2022-01-26 19:44:13,22.0752,-159.319,76.12,74,40,1.99
59,Cam Ranh,VN,2022-01-26 19:44:13,11.9214,109.1591,71.56,83,20,4.61
60,Butaritari,KI,2022-01-26 19:44:13,3.0707,172.7902,80.89,81,62,13.87
61,Carnarvon,AU,2022-01-26 19:44:14,-24.8667,113.6333,75.27,78,40,19.57
62,Klaksvik,FO,2022-01-26 19:44:14,62.2266,-6.589,36.52,97,100,30.11
63,Mount Isa,AU,2022-01-26 19:44:14,-20.7333,139.5,74.97,100,100,8.05
64,Norman Wells,CA,2022-01-26 19:44:15,65.282,-126.8329,14.04,73,75,4.61
65,Ushuaia,AR,2022-01-26 19:42:15,-54.8,-68.3,51.46,71,75,31.07
66,Lashio,MM,2022-01-26 19:44:15,22.9333,97.75,50.85,99,45,0.87
67,Isla Vista,US,2022-01-26 19:44:15,34.4133,-119.861,71.28,42,20,5.75
68,Bambous Virieux,MU,2022-01-26 19:44:16,-20.3428,57.7575,75.45,69,20,3.44
69,Mucuri,BR,2022-01-26 19:44:16,-18.0864,-39.5508,79.83,75,85,9.08
70,Mackay,AU,2022-01-26 19:44:16,-21.15,149.2,76.98,88,75,2.3
71,Busselton,AU,2022-01-26 19:44:17,-33.65,115.3333,57.24,89,9,11.3
72,Shumskiy,RU,2022-01-26 19:44:17,54.8318,99.1328,3.63,96,100,2.62
73,Saint George,US,2022-01-26 19:43:21,37.1041,-113.5841,50.47,37,0,3.0
74,Lebu,CL,2022-01-26 19:44:17,-37.6167,-73.65,66.47,66,0,11.97
75,Arraial Do Cabo,BR,2022-01-26 19:44:18,-22.9661,-42.0278,85.96,65,0,20.71
76,Olinda,BR,2022-01-26 19:44:18,-8.0089,-34.8553,83.93,70,75,10.36
77,Bud,US,2022-01-26 19:44:19,39.447,-86.1758,22.75,48,0,2.53
78,Knysna,ZA,2022-01-26 19:44:19,-34.0363,23.0471,66.58,93,100,7.45
79,Margate,GB,2022-01-26 19:44:19,51.3813,1.3862,42.75,80,8,1.99
80,Sao Joao Da Barra,BR,2022-01-26 19:42:14,-21.6403,-41.0511,89.69,79,26,15.75
81,Longyearbyen,SJ,2022-01-26 19:40:44,78.2186,15.6401,10.24,61,20,12.66
82,Yaan,NG,2022-01-26 19:44:20,7.3833,8.5667,82.11,14,4,5.64
83,Prata,BR,2022-01-26 19:44:20,-19.3072,-48.9242,81.0,66,100,1.92
84,Newport,GB,2022-01-26 19:41:03,51.5877,-2.9984,48.07,83,91,4.0
85,Punta De Bombon,PE,2022-01-26 19:44:20,-17.1717,-71.7931,73.06,73,64,7.7
86,Fare,PF,2022-01-26 19:44:21,-16.7,-151.0167,81.25,75,76,17.65
87,Port Elizabeth,ZA,2022-01-26 19:45:21,-33.918,25.5701,70.11,94,100,4.61
88,Severo-Kurilsk,RU,2022-01-26 19:45:21,50.6789,156.125,25.81,70,94,20.0
89,Kavieng,PG,2022-01-26 19:45:22,-2.5744,150.7967,82.36,77,86,8.08
90,Barrow,US,2022-01-26 19:45:22,71.2906,-156.7887,-11.18,70,0,17.27
91,Lufilufi,WS,2022-01-26 19:45:22,-13.8745,-171.5986,80.38,77,36,13.62
92,La Rioja,ES,2022-01-26 19:40:29,42.25,-2.5,38.32,61,0,5.28
93,Wanaka,NZ,2022-01-26 19:45:23,-44.7,169.15,51.12,59,6,4.0
94,Fairbanks,US,2022-01-26 19:40:44,64.8378,-147.7164,-0.44,77,75,0.0
95,Belaya Gora,RU,2022-01-26 19:45:23,68.5333,146.4167,-37.73,100,47,6.13
96,Palomares,MX,2022-01-26 19:45:24,17.15,-95.0667,77.07,76,79,10.54
97,Gambela,ET,2022-01-26 19:45:24,8.25,34.5833,87.87,25,99,2.89
98,Khandyga,RU,2022-01-26 19:45:24,62.6667,135.6,-45.8,100,62,2.08
99,Port Alfred,ZA,2022-01-26 19:45:24,-33.5906,26.891,73.22,88,97,8.81
100,Meulaboh,ID,2022-01-26 19:40:58,4.1363,96.1285,76.75,82,100,2.24
101,Cabedelo,BR,2022-01-26 19:45:25,-6.9811,-34.8339,84.87,71,13,12.91
102,Beloha,MG,2022-01-26 19:45:25,-25.1667,45.05,71.6,80,0,16.93
103,Skibbereen,IE,2022-01-26 19:45:26,51.55,-9.2667,48.0,94,100,15.5
104,Pokaran,IN,2022-01-26 19:45:26,26.9167,71.9167,56.39,23,0,4.23
105,Balkanabat,TM,2022-01-26 19:45:26,39.5108,54.3671,47.43,37,31,5.95
106,Gat,IL,2022-01-26 19:45:27,31.61,34.7642,47.08,100,100,13.78
107,Aykino,RU,2022-01-26 19:45:27,62.2248,49.9922,5.95,99,92,2.51
108,Kaspiyskiy,RU,2022-01-26 19:45:27,45.3929,47.3707,31.39,87,100,11.39
109,Acarau,BR,2022-01-26 19:45:28,-2.8856,-40.12,81.97,72,100,16.62
110,Buala,SB,2022-01-26 19:45:28,-8.145,159.5921,77.47,79,100,3.83
111,Nanortalik,GL,2022-01-26 19:45:28,60.1432,-45.2371,15.82,87,100,6.35
112,Castro,BR,2022-01-26 19:45:29,-24.7911,-50.0119,86.41,51,27,5.64
113,Bengkulu,ID,2022-01-26 19:45:29,-3.8004,102.2655,77.54,85,100,3.36
114,Upata,VE,2022-01-26 19:45:29,8.0086,-62.3989,85.19,34,14,8.12
115,Artsvaberd,AM,2022-01-26 19:45:29,40.8336,45.4711,24.17,84,100,3.4
116,Santiago Del Estero,AR,2022-01-26 19:45:30,-27.7951,-64.2615,88.21,61,98,5.39
117,Rawson,AR,2022-01-26 19:45:30,-43.3002,-65.1023,65.08,54,1,12.24
118,Sergeyevka,KZ,2022-01-26 19:45:30,53.88,67.4158,2.55,95,100,9.17
119,Axim,GH,2022-01-26 19:45:31,4.8699,-2.2405,79.99,80,1,6.8
120,Puerto Ayora,EC,2022-01-26 19:45:31,-0.7393,-90.3518,82.36,77,76,10.36
121,Hobyo,SO,2022-01-26 19:45:31,5.3505,48.5268,76.75,66,47,20.49
122,Cape Town,ZA,2022-01-26 19:45:32,-33.9258,18.4232,70.21,78,0,4.0
123,Provideniya,RU,2022-01-26 19:45:32,64.3833,-173.3,-9.27,88,78,2.93
124,Saskylakh,RU,2022-01-26 19:45:32,71.9167,114.0833,-3.91,88,84,5.88
125,Lagoa,PT,2022-01-26 19:45:33,39.05,-27.9833,58.55,78,9,11.74
126,Guerrero Negro,MX,2022-01-26 19:45:33,27.9769,-114.0611,68.47,34,99,2.59
127,Maralal,KE,2022-01-26 19:45:33,1.0968,36.698,57.52,67,0,4.56
128,Illapel,CL,2022-01-26 19:45:34,-31.6308,-71.1653,80.08,44,0,9.13
129,Nanakuli,US,2022-01-26 19:45:35,21.3906,-158.1547,77.7,65,0,5.75
130,Siatista,GR,2022-01-26 19:45:35,40.2619,21.5442,27.46,62,0,3.49
131,Swan Hill,AU,2022-01-26 19:45:36,-35.3378,143.5544,76.86,70,100,11.45
132,Port Blair,IN,2022-01-26 19:45:36,11.6667,92.75,78.84,78,20,2.3
133,Mbigou,GA,2022-01-26 19:45:36,-1.9005,11.906,68.72,95,84,2.66
134,Ingham,US,2022-01-26 19:45:37,42.6,-84.3833,19.9,59,40,4.61
135,Mar Del Plata,AR,2022-01-26 19:44:14,-38.0023,-57.5575,66.22,71,20,25.01
136,Roma,US,2022-01-26 19:42:51,43.2128,-75.4557,18.66,52,66,1.99
137,Pevek,RU,2022-01-26 19:46:37,69.7008,170.3133,-34.94,99,42,3.56
138,Nizhniy Kuranakh,RU,2022-01-26 19:46:37,58.8353,125.4869,-3.33,97,100,6.89
139,Salalah,OM,2022-01-26 19:46:38,17.0151,54.0924,71.69,60,20,3.44
140,Ancud,CL,2022-01-26 19:46:37,-41.8697,-73.8203,81.23,56,0,5.57
141,Hilo,US,2022-01-26 19:46:38,19.7297,-155.09,76.24,72,20,6.91
142,Rivera,UY,2022-01-26 19:46:38,-30.9053,-55.5508,75.45,91,100,5.75
143,Sao Jose Da Coroa Grande,BR,2022-01-26 19:46:39,-8.8978,-35.1478,81.73,71,28,8.86
144,Lamu,KE,2022-01-26 19:46:39,-2.2717,40.902,79.02,80,20,13.06
145,Hithadhoo,MV,2022-01-26 19:46:39,-0.6,73.0833,81.37,74,100,19.98
146,Sola,VU,2022-01-26 19:46:40,-13.8833,167.55,83.08,75,91,14.83
147,Noumea,NC,2022-01-26 19:46:40,-22.2763,166.4572,79.0,99,87,7.67
148,Irbil,IQ,2022-01-26 19:46:40,36.1926,44.0106,53.42,47,40,10.36
149,Kolyvan,RU,2022-01-26 19:46:41,55.3053,82.7391,-15.18,100,97,2.68
150,Ceres,US,2022-01-26 19:46:41,37.5949,-120.9577,67.68,76,0,4.61
151,Diamond Harbour,IN,2022-01-26 19:46:41,22.1917,88.1847,66.18,79,66,7.7
152,Baghdad,IQ,2022-01-26 19:46:42,33.3406,44.4009,49.91,46,0,8.05
153,Luderitz,NA,2022-01-26 19:46:42,-26.6481,15.1594,73.6,60,6,22.91
154,Neepawa,CA,2022-01-26 19:46:42,50.2289,-99.4664,34.2,79,100,20.67
155,Sapucai,PY,2022-01-26 19:46:43,-25.6667,-56.9167,97.74,35,79,5.55
156,Hirado,JP,2022-01-26 19:46:43,33.3597,129.5531,43.36,57,100,8.9
157,Lianran,CN,2022-01-26 19:46:44,24.9227,102.485,46.94,83,97,7.38
158,Maniitsoq,GL,2022-01-26 19:46:44,65.4167,-52.9,15.57,75,100,9.69
159,Sinnamary,GF,2022-01-26 19:46:44,5.3833,-52.95,79.92,75,81,8.21
160,Yerbogachen,RU,2022-01-26 19:46:45,61.2767,108.0108,-18.67,100,89,3.98
161,Mahebourg,MU,2022-01-26 19:46:45,-20.4081,57.7,75.49,69,20,3.44
162,Chuy,UY,2022-01-26 19:46:45,-33.6971,-53.4616,69.96,95,100,5.84
163,Honningsvag,NO,2022-01-26 19:46:45,70.9821,25.9704,28.15,86,40,16.11
164,Upernavik,GL,2022-01-26 19:46:46,72.7868,-56.1549,-0.96,69,67,10.47
165,Karmaskaly,RU,2022-01-26 19:46:46,54.3709,56.1837,15.71,94,100,12.97
166,Pisco,PE,2022-01-26 19:44:47,-13.7,-76.2167,80.65,54,58,18.41
167,Lavrentiya,RU,2022-01-26 19:46:46,65.5833,-171.0,-21.77,90,29,4.79
168,Xining,CN,2022-01-26 19:46:47,36.6167,101.7667,17.33,84,100,2.1
169,Arlit,NE,2022-01-26 19:46:47,18.7369,7.3853,61.97,22,40,11.41
170,Coquimbo,CL,2022-01-26 19:46:48,-29.9533,-71.3436,67.73,68,0,17.27
171,Jacareacanga,BR,2022-01-26 19:46:48,-6.2222,-57.7528,88.11,62,20,4.61
172,Kenscoff,HT,2022-01-26 19:46:48,18.4506,-72.2869,71.74,48,20,6.91
173,Iqaluit,CA,2022-01-26 19:46:49,63.7506,-68.5145,-18.67,69,100,2.3
174,Kavaratti,IN,2022-01-26 19:46:49,10.5669,72.642,77.74,56,41,4.85
175,Port Macquarie,AU,2022-01-26 19:46:49,-31.4333,152.9167,65.89,69,81,1.79
176,Zalari,RU,2022-01-26 19:46:50,53.5584,102.5065,-15.38,100,54,3.29
177,Nurota,UZ,2022-01-26 19:46:50,40.5614,65.6886,28.49,47,0,6.62
178,Nouadhibou,MR,2022-01-26 19:46:50,20.931,-17.0347,66.18,68,0,18.41
179,Ilulissat,GL,2022-01-26 19:46:51,69.2167,-51.1,17.62,73,75,16.11
180,Imeni Babushkina,RU,2022-01-26 19:46:51,59.7573,43.1285,-2.63,100,100,2.28
181,Sajanan,TN,2022-01-26 19:46:51,37.0573,9.2426,45.52,80,0,3.36
182,Tuktoyaktuk,CA,2022-01-26 19:46:52,69.4541,-133.0374,-0.4,78,75,18.41
183,Cherskiy,RU,2022-01-26 19:47:52,68.75,161.3,-44.63,99,48,3.6
184,Minsk,BY,2022-01-26 19:46:52,53.9,27.5667,24.55,94,100,7.76
185,Blagoyevo,RU,2022-01-26 19:47:52,63.3667,47.9167,13.41,97,100,3.58
186,Jambi,ID,2022-01-26 19:47:53,-1.6,103.6167,73.29,97,100,2.71
187,Sao Raimundo Das Mangabeiras,BR,2022-01-26 19:47:53,-7.0219,-45.4811,80.15,79,100,3.33
188,Gorgan,IR,2022-01-26 19:47:53,36.8387,54.4348,39.16,93,68,0.0
189,Chinchani,IN,2022-01-26 19:47:54,19.8667,72.7,66.2,44,0,13.6
190,Boende,CD,2022-01-26 19:47:54,-0.2167,20.8667,77.18,65,100,2.68
191,Leh,IN,2022-01-26 19:47:54,34.1667,77.5833,-5.04,89,99,3.0
192,El Alto,PE,2022-01-26 19:47:55,-4.2714,-81.2147,80.26,73,82,11.74
193,Kahului,US,2022-01-26 19:47:55,20.8947,-156.47,76.84,66,20,5.75
194,Aksarka,RU,2022-01-26 19:47:55,66.5606,67.7975,4.1,94,99,8.77
195,Cidreira,BR,2022-01-26 19:47:56,-30.1811,-50.2056,82.15,73,54,9.26
196,Sao Felix Do Xingu,BR,2022-01-26 19:47:56,-6.6447,-51.995,84.54,69,100,2.53
197,Bereda,ES,2022-01-26 19:47:56,43.2686,-7.5406,47.91,95,26,3.69
198,Srednekolymsk,RU,2022-01-26 19:47:57,67.45,153.6833,-44.0,100,50,3.62
199,Pangnirtung,CA,2022-01-26 19:47:57,66.1451,-65.7125,-14.8,76,75,2.3
200,Hirara,JP,2022-01-26 19:47:57,24.8,125.2833,69.71,70,46,15.97
201,Harper,LR,2022-01-26 19:47:58,4.375,-7.7169,79.63,79,51,9.06
202,Gizo,SB,2022-01-26 19:47:58,-8.103,156.8419,81.19,76,100,5.41
203,Kutum,SD,2022-01-26 19:47:58,14.2,24.6667,58.51,24,98,16.15
204,Fortuna,US,2022-01-26 19:47:59,40.5982,-124.1573,47.32,87,0,5.75
205,Richards Bay,ZA,2022-01-26 19:47:59,-28.783,32.0377,74.5,88,100,7.09
206,Georgetown,MY,2022-01-26 19:47:59,5.4112,100.3354,82.33,88,40,1.99
207,Yuli,NG,2022-01-26 19:48:00,9.6989,10.2744,72.81,22,19,6.17
208,Bhadravati,IN,2022-01-26 19:48:00,13.8667,75.7167,66.92,78,98,3.85
209,Batagay-Alyta,RU,2022-01-26 19:48:00,67.8006,130.4114,-2.16,94,100,2.71
210,Hermosillo,MX,2022-01-26 19:48:01,29.0667,-110.9667,75.85,23,81,1.01
211,Esperance,AU,2022-01-26 19:46:13,-33.8667,121.9,62.44,88,63,7.92
212,Hukuntsi,BW,2022-01-26 19:48:01,-24.0,21.75,81.09,36,100,6.69
213,Nyrob,RU,2022-01-26 19:48:01,60.733,56.7202,-0.94,100,100,3.29
214,Luganville,VU,2022-01-26 19:48:02,-15.5333,167.1667,80.83,86,98,7.56
215,Bodden Town,KY,2022-01-26 19:48:02,19.2833,-81.25,87.8,57,20,8.05
216,Icatu,BR,2022-01-26 19:48:03,-2.7758,-44.0658,86.43,85,100,9.01
217,Hamilton,US,2022-01-26 19:48:03,39.1834,-84.5333,25.63,49,0,1.01
218,Ilinge,ZA,2022-01-26 19:48:03,-31.9768,27.0427,66.02,90,54,6.38
219,Steamboat Springs,US,2022-01-26 19:44:33,40.485,-106.8317,26.1,66,0,0.0
220,Soria,ES,2022-01-26 19:48:04,41.6667,-2.6667,38.01,74,0,4.29
221,Alyangula,AU,2022-01-26 19:48:04,-13.8483,136.4192,84.07,79,100,13.8
222,Poum,NC,2022-01-26 19:48:04,-20.2333,164.0167,79.88,76,61,8.03
223,Avera,US,2022-01-26 19:48:05,33.194,-82.5271,58.44,56,49,9.6
224,Malakal,SS,2022-01-26 19:48:05,9.5334,31.6605,80.73,20,65,7.9
225,Kirensk,RU,2022-01-26 19:48:05,57.7853,108.1119,-4.74,100,96,1.7
226,Svetlaya,RU,2022-01-26 19:48:06,46.5389,138.3297,14.0,79,100,7.34
227,Caravelas,BR,2022-01-26 19:48:06,-17.7125,-39.2481,79.74,77,96,7.27
228,Nabire,ID,2022-01-26 19:48:06,-3.3667,135.4833,75.04,89,100,3.13
229,Berlevag,NO,2022-01-26 19:49:07,70.8578,29.0864,22.95,68,0,20.71
230,Abu Kamal,SY,2022-01-26 19:49:07,34.4506,40.9171,50.72,41,56,7.7
231,Labuhan,ID,2022-01-26 19:49:07,-6.8844,112.2051,77.9,88,99,10.33
232,Jumla,NP,2022-01-26 19:49:08,29.2747,82.1838,26.24,85,54,4.18
233,Ovalle,CL,2022-01-26 19:45:41,-30.5983,-71.2003,84.09,36,0,9.28
234,Karangampel,ID,2022-01-26 19:49:08,-6.4622,108.4519,77.05,88,100,8.25
235,Ubon Ratchathani,TH,2022-01-26 19:49:08,15.1667,105.1667,69.69,48,20,5.44
236,West Monroe,US,2022-01-26 19:49:09,32.5185,-92.1476,43.75,36,0,10.36
237,Amuntai,ID,2022-01-26 19:49:09,-2.4177,115.2494,73.53,98,100,1.41
238,Geraldton,AU,2022-01-26 19:49:09,-28.7667,114.6,70.21,78,0,13.8
239,Praia,CV,2022-01-26 19:49:10,14.9215,-23.5087,73.94,73,0,24.16
240,Kulhudhuffushi,MV,2022-01-26 19:49:10,6.6221,73.07,79.18,58,100,9.62
241,Terney,RU,2022-01-26 19:49:10,45.0503,136.6092,12.29,76,100,11.48
242,Lewistown,US,2022-01-26 19:48:46,40.5992,-77.5714,27.43,74,100,4.61
243,Nchelenge,ZM,2022-01-26 19:49:11,-9.3451,28.734,71.56,80,99,3.67
244,Vostok,RU,2022-01-26 19:49:11,46.4856,135.8833,-1.8,99,100,3.4
245,Morehead,US,2022-01-26 19:49:11,37.2711,-87.1764,29.84,33,0,0.0
246,Redmond,US,2022-01-26 19:49:12,47.674,-122.1215,43.86,57,10,4.56
247,Kirakira,SB,2022-01-26 19:49:12,-10.4544,161.9205,78.17,91,100,8.66
248,Sverdlovskiy,RU,2022-01-26 19:49:13,55.9108,38.1536,23.23,100,96,3.11
249,Rondonopolis,BR,2022-01-26 19:49:13,-16.4708,-54.6356,86.63,62,62,3.0
250,Victoria,HK,2022-01-26 19:48:51,22.2855,114.1577,67.24,92,100,1.01
251,Gravelbourg,CA,2022-01-26 19:49:14,49.8834,-106.5512,32.27,87,100,20.56
252,Henties Bay,NA,2022-01-26 19:49:14,-22.116,14.2845,66.85,85,87,5.44
253,Hualmay,PE,2022-01-26 19:49:14,-11.0964,-77.6139,75.38,72,52,11.03
254,Elat,IL,2022-01-26 19:49:15,29.5581,34.9482,51.64,62,40,11.5
255,Barbastro,ES,2022-01-26 19:49:15,42.0356,0.1269,40.12,55,0,3.38
256,Krasnoselkup,RU,2022-01-26 19:49:15,65.7,82.4667,-4.61,95,100,18.25
257,Berdigestyakh,RU,2022-01-26 19:49:16,62.0989,126.6992,-5.91,98,100,4.9
258,Constitucion,CL,2022-01-26 19:49:16,-35.3333,-72.4167,67.37,71,18,11.25
259,Namibe,AO,2022-01-26 19:49:16,-15.1961,12.1522,76.24,83,100,3.09
260,Flinders,AU,2022-01-26 19:49:17,-34.5833,150.8552,68.81,79,91,5.01
261,Lompoc,US,2022-01-26 19:49:17,34.6391,-120.4579,69.01,57,0,0.0
262,Timiryazevskiy,RU,2022-01-26 19:49:17,56.49,84.8769,-3.91,78,87,1.81
263,Vila Franca Do Campo,PT,2022-01-26 19:49:18,37.7167,-25.4333,59.2,76,98,12.46
264,Sindor,RU,2022-01-26 19:49:18,62.8629,51.8905,11.73,97,99,3.58
265,Kununurra,AU,2022-01-26 19:49:18,-15.7667,128.7333,78.78,89,40,5.75
266,Kamenka,RU,2022-01-26 19:49:19,51.3223,42.7678,4.91,100,98,5.23
267,Yokote,JP,2022-01-26 19:49:19,39.3,140.5667,32.7,88,100,10.63
268,Kurilsk,RU,2022-01-26 19:49:19,45.2333,147.8833,24.3,59,100,5.95
269,Outram,MY,2022-01-26 19:49:20,1.2829,103.8379,78.82,83,75,5.75
270,Torbay,CA,2022-01-26 19:45:34,47.6666,-52.7314,38.75,97,75,6.91
271,Bambanglipuro,ID,2022-01-26 19:49:20,-7.95,110.2833,77.0,90,100,6.33
272,Lorengau,PG,2022-01-26 19:49:20,-2.0226,147.2712,82.24,76,100,6.08
273,Port Hardy,CA,2022-01-26 19:49:21,50.6996,-127.4199,40.75,93,100,6.91
274,Pailon,BO,2022-01-26 19:49:21,-17.65,-62.75,94.1,32,100,12.12
275,Narsaq,GL,2022-01-26 19:49:22,60.9167,-46.05,16.02,86,58,8.28
276,Majene,ID,2022-01-26 19:50:22,-3.5403,118.9707,77.43,86,100,1.63
277,Alugan,PH,2022-01-26 19:50:22,12.2188,125.4808,78.91,88,32,12.44
278,Altona,DE,2022-01-26 19:50:23,53.55,9.9333,41.92,94,100,13.8
279,Manokwari,ID,2022-01-26 19:50:23,-0.8667,134.0833,78.53,78,100,2.26
280,Aubenas,FR,2022-01-26 19:50:23,44.6201,4.3899,42.24,64,0,6.04
281,Bagdarin,RU,2022-01-26 19:50:24,54.4333,113.6,-16.92,97,28,3.47
282,Tongliao,CN,2022-01-26 19:50:24,43.6125,122.2653,-3.5,90,5,6.33
283,Bardiyah,LY,2022-01-26 19:50:24,31.7561,25.0865,49.53,53,6,15.43
284,La Ronge,CA,2022-01-26 19:50:25,55.1001,-105.2842,23.25,74,100,13.8
285,Hasaki,JP,2022-01-26 19:50:25,35.7333,140.8333,28.8,76,42,5.66
286,Fazalpur,PK,2022-01-26 19:50:25,32.1833,75.0667,44.35,79,0,1.66
287,Basco,PH,2022-01-26 19:50:26,20.4487,121.9702,74.93,80,100,23.35
288,Bethel,US,2022-01-26 19:50:26,41.3712,-73.414,27.05,41,0,10.36
289,Kushima,JP,2022-01-26 19:50:27,31.4583,131.2333,44.11,82,95,5.75
290,Savannah Bight,HN,2022-01-26 19:50:27,16.45,-85.85,82.45,72,0,3.33
291,Newcastle,AU,2022-01-26 19:50:15,-32.9272,151.7765,68.72,89,40,0.0
292,Redlands,US,2022-01-26 19:48:03,34.0556,-117.1825,68.36,19,0,0.0
293,Sucre,BO,2022-01-26 19:50:28,-19.0333,-65.2627,68.49,48,99,13.73
294,Faya,SA,2022-01-26 19:50:28,18.3851,42.4509,55.51,82,34,6.33
295,Casablanca,MA,2022-01-26 19:50:28,33.5928,-7.6192,61.02,87,75,4.0
296,Thinadhoo,MV,2022-01-26 19:50:28,0.5333,72.9333,81.25,72,100,20.09
297,Huambo,AO,2022-01-26 19:50:29,-12.7761,15.7392,63.64,85,100,0.4
298,Severodvinsk,RU,2022-01-26 19:50:29,64.5635,39.8302,3.31,99,77,5.46
299,Roebourne,AU,2022-01-26 19:50:29,-20.7833,117.1333,80.6,65,14,10.6
300,Tacoronte,ES,2022-01-26 19:50:30,28.4769,-16.4102,58.75,71,40,11.99
301,Sidi Ali,DZ,2022-01-26 19:50:30,36.0998,0.4206,53.24,52,85,6.44
302,Portobelo,PA,2022-01-26 19:50:30,9.55,-79.65,90.01,72,97,10.85
303,Santa Isabel Do Rio Negro,BR,2022-01-26 19:50:31,-0.4139,-65.0192,80.89,90,100,1.72
304,Asau,RO,2022-01-26 19:50:31,46.4333,26.4,31.12,86,100,5.93
305,Manta,EC,2022-01-26 19:50:31,-0.95,-80.7333,80.38,74,40,5.75
306,Laguna,US,2022-01-26 19:50:32,38.421,-121.4238,67.21,60,0,1.99
307,Sitka,US,2022-01-26 19:50:32,57.0531,-135.33,33.69,86,75,5.75
308,Byron Bay,AU,2022-01-26 19:46:55,-28.65,153.6167,71.87,78,18,7.02
309,Nantucket,US,2022-01-26 19:49:18,41.2835,-70.0995,28.54,61,0,15.95
310,Lar,IN,2022-01-26 19:50:33,26.2039,83.9717,50.13,69,0,6.64
311,Pavlovsk,RU,2022-01-26 19:50:33,50.4578,40.1081,4.41,100,96,1.9
312,Zelenogorskiy,RU,2022-01-26 19:50:34,55.0333,87.0,7.32,94,100,5.21
313,Port Lincoln,AU,2022-01-26 19:50:34,-34.7333,135.8667,66.81,95,20,8.68
314,Kidal,ML,2022-01-26 19:50:34,18.4411,1.4078,66.81,15,91,11.59
315,Parchim,DE,2022-01-26 19:50:34,53.4263,11.8488,38.66,88,100,14.67
316,Freeport,US,2022-01-26 19:50:35,40.6576,-73.5832,30.29,35,0,8.99
317,Kargat,RU,2022-01-26 19:50:35,55.1956,80.2811,-14.75,100,100,2.06
318,Shingu,JP,2022-01-26 19:49:30,33.7333,135.9833,39.69,78,100,7.27
319,Talnakh,RU,2022-01-26 19:50:35,69.4865,88.3972,2.21,96,100,17.25
320,Yatou,CN,2022-01-26 19:51:36,37.15,122.3833,30.33,54,14,14.41
321,Yuanping,CN,2022-01-26 19:51:36,38.7153,112.7575,25.02,58,83,3.31
322,Salta,AR,2022-01-26 19:49:16,-24.7859,-65.4117,88.09,57,100,9.22
323,Vanavara,RU,2022-01-26 19:51:37,60.34,102.2797,-18.04,100,87,0.85
324,Suzhou,CN,2022-01-26 19:51:37,31.3114,120.6181,44.47,89,100,11.9
325,Mineiros,BR,2022-01-26 19:51:19,-17.5694,-52.5511,80.78,64,99,7.09
326,Nome,US,2022-01-26 19:50:56,64.5011,-165.4064,-18.33,69,0,0.0
327,Cabo San Lucas,MX,2022-01-26 19:51:37,22.8909,-109.9124,78.62,44,2,5.01
328,Kieta,PG,2022-01-26 19:51:38,-6.2167,155.6333,79.29,83,100,3.76
329,Xuanhua,CN,2022-01-26 19:51:38,40.6103,115.0447,12.43,76,32,5.73
330,Lincoln,US,2022-01-26 19:48:40,40.8,-96.667,37.0,51,0,8.01
331,Manicore,BR,2022-01-26 19:51:38,-5.8092,-61.3003,75.6,93,100,2.26
332,Sur,OM,2022-01-26 19:51:39,22.5667,59.5289,68.4,50,17,2.68
333,Bredasdorp,ZA,2022-01-26 19:51:39,-34.5322,20.0403,67.32,73,100,11.5
334,Plettenberg Bay,ZA,2022-01-26 19:51:39,-34.0527,23.3716,66.07,95,100,11.56
335,Petropavlovsk-Kamchatskiy,RU,2022-01-26 19:51:40,53.0452,158.6483,1.99,55,0,6.71
336,Maanshan,CN,2022-01-26 19:51:40,31.6957,118.4983,37.45,96,100,10.02
337,Turbat,PK,2022-01-26 19:51:40,26.0023,63.044,61.56,18,2,11.77
338,Kushmurun,KZ,2022-01-26 19:51:41,52.4503,64.6311,2.97,92,100,10.49
339,Deputatskiy,RU,2022-01-26 19:51:41,69.3,139.9,-17.54,88,100,5.39
340,La Libertad,EC,2022-01-26 19:48:59,-2.2333,-80.9,83.86,70,40,9.22
341,Olafsvik,IS,2022-01-26 19:51:41,64.8945,-23.7142,35.56,60,100,11.03
342,Ballina,AU,2022-01-26 19:51:42,-28.8667,153.5667,69.84,90,100,5.75
343,Bongaree,AU,2022-01-26 19:51:42,-27.0797,153.1586,72.34,77,100,14.81
344,Pinawa,CA,2022-01-26 19:51:42,50.1489,-95.8811,30.16,96,100,13.44
345,Aklavik,CA,2022-01-26 19:51:43,68.2191,-135.0107,4.03,78,100,8.05
346,Tiksi,RU,2022-01-26 19:51:43,71.6872,128.8694,-2.54,91,10,17.69
347,Pampa,US,2022-01-26 19:51:43,35.5362,-100.9599,28.54,86,100,12.66
348,Bandarbeyla,SO,2022-01-26 19:51:44,9.4942,50.8122,73.98,63,4,18.92
349,Banska Bystrica,SK,2022-01-26 19:51:44,48.5,19.5,33.64,96,38,4.7
350,Le Chambon-Feugerolles,FR,2022-01-26 19:51:44,45.3969,4.3259,27.52,93,0,0.0
351,Monrovia,LR,2022-01-26 19:51:45,6.3005,-10.7969,80.37,79,2,10.22
352,Ternate,ID,2022-01-26 19:51:45,0.8,127.4,80.29,82,81,5.32
353,Shimoda,JP,2022-01-26 19:51:45,34.6667,138.95,41.11,78,100,2.55
354,Ulagan,RU,2022-01-26 19:51:46,50.6321,87.9563,5.02,85,100,1.81
355,Sfantu Gheorghe,RO,2022-01-26 19:51:46,45.8667,25.7833,24.93,97,100,1.5
356,Camana,PE,2022-01-26 19:51:46,-16.6228,-72.7111,74.21,72,92,7.94
357,Grand Gaube,MU,2022-01-26 19:51:47,-20.0064,57.6608,75.6,68,1,3.0
358,Xai-Xai,MZ,2022-01-26 19:51:47,-25.0519,33.6442,75.94,93,100,10.09
359,Iglesias,IT,2022-01-26 19:51:47,39.3114,8.535,47.75,84,0,2.71
360,Quelimane,MZ,2022-01-26 19:51:48,-17.8786,36.8883,82.35,74,40,12.66
361,Hambantota,LK,2022-01-26 19:51:48,6.1241,81.1185,72.81,81,58,8.14
362,Buarcos,PT,2022-01-26 19:51:48,40.166,-8.8768,55.74,69,32,8.21
363,Sept-Iles,CA,2022-01-26 19:51:48,50.2001,-66.3821,1.06,52,20,5.01
364,Malinyi,TZ,2022-01-26 19:51:49,-8.9333,36.1333,71.44,96,100,1.32
365,Sabaudia,IT,2022-01-26 19:51:49,41.3003,13.0282,51.71,83,19,6.13
366,Alta Floresta,BR,2022-01-26 19:51:49,-9.8756,-56.0861,89.42,58,40,3.44
367,Kaitangata,NZ,2022-01-26 19:51:50,-46.2817,169.8464,54.93,64,49,10.2
368,Skibotn,NO,2022-01-26 19:52:50,69.3913,20.2679,27.46,80,96,8.75
369,Jiangyou,CN,2022-01-26 19:52:51,31.7667,104.7167,42.96,89,100,0.76
370,Padang,ID,2022-01-26 19:52:51,-0.9492,100.3543,78.04,81,100,3.83
371,Kabinda,CD,2022-01-26 19:52:51,-6.1333,24.4833,66.92,95,100,3.4
372,Sapele,NG,2022-01-26 19:52:52,5.8941,5.6767,78.78,68,10,5.97
373,Punta Alta,AR,2022-01-26 19:52:52,-38.8759,-62.0736,69.42,46,1,22.17
374,Cayenne,GF,2022-01-26 19:48:33,4.9333,-52.3333,75.24,94,75,8.05
375,Rurrenabaque,BO,2022-01-26 19:52:52,-14.4413,-67.5278,93.09,62,75,6.91
376,Bowen,AU,2022-01-26 19:52:53,-20.0167,148.2333,73.62,81,100,13.11
377,Sabang,ID,2022-01-26 19:52:53,5.8933,95.3214,81.28,76,22,8.41
378,Adrar,MR,2022-01-26 19:52:53,20.5022,-10.0711,70.07,16,21,6.62
379,Somerset,US,2022-01-26 19:50:42,40.5668,-74.5496,31.24,37,40,4.0
380,Lazaro Cardenas,MX,2022-01-26 19:49:49,17.9583,-102.2,83.57,54,3,10.78
381,Elizabeth City,US,2022-01-26 19:52:54,36.2946,-76.2511,36.01,59,75,16.11
382,Weihai,CN,2022-01-26 19:52:54,37.5017,122.1136,32.2,51,42,19.3
383,Esik,KZ,2022-01-26 19:52:54,43.3552,77.4525,15.22,52,3,8.03
384,Tokmak,UA,2022-01-26 19:52:55,47.2514,35.7058,19.83,97,100,1.95
385,Severnoye,RU,2022-01-26 19:52:55,56.3491,78.3619,-13.7,100,99,2.57
386,Ikot Ekpene,NG,2022-01-26 19:52:55,5.1794,7.7108,79.16,64,22,5.06
387,Chapais,CA,2022-01-26 19:52:56,49.7834,-74.8492,-11.42,81,74,9.26
388,Maltahohe,NA,2022-01-26 19:52:56,-24.8333,16.9833,86.83,20,100,2.06
389,San Quintin,MX,2022-01-26 19:50:06,30.4833,-115.95,63.32,56,100,9.33
390,Ranong,TH,2022-01-26 19:52:56,9.9658,98.6348,76.01,86,36,3.47
391,Port Hedland,AU,2022-01-26 19:52:57,-20.3167,118.5667,78.85,83,57,6.91
392,Isangel,VU,2022-01-26 19:52:57,-19.55,169.2667,80.35,86,47,5.93
393,Magnolia,US,2022-01-26 19:52:57,33.2671,-93.2393,46.08,22,0,6.78
394,Taltal,CL,2022-01-26 19:52:58,-25.4,-70.4833,70.11,68,8,6.51
395,Naze,JP,2022-01-26 19:52:58,28.3667,129.4833,59.9,72,49,4.7
396,Viedma,AR,2022-01-26 19:52:58,-40.8135,-62.9967,70.29,38,0,15.9
397,Vardo,NO,2022-01-26 19:50:08,70.3705,31.1107,15.78,79,20,29.93
398,Pringsewu,ID,2022-01-26 19:52:59,-5.3582,104.9744,73.83,97,100,1.68
399,Okhotsk,RU,2022-01-26 19:52:59,59.3833,143.3,-6.39,82,100,13.82
400,Veraval,IN,2022-01-26 19:52:59,20.9,70.3667,64.13,40,0,13.29
401,Quatre Cocos,MU,2022-01-26 19:53:00,-20.2078,57.7625,75.31,68,17,9.55
402,Khuzdar,PK,2022-01-26 19:53:00,27.7384,66.6434,45.36,30,0,5.37
403,Namatanai,PG,2022-01-26 19:53:00,-3.6667,152.4333,79.93,82,81,3.98
404,Saint Anthony,US,2022-01-26 19:53:01,45.0205,-93.218,17.89,69,40,5.99
405,Stonewall,CA,2022-01-26 19:53:01,50.1344,-97.3268,32.95,95,100,19.6
406,Hofn,IS,2022-01-26 19:49:05,64.2539,-15.2082,30.22,69,100,3.44
407,Araouane,ML,2022-01-26 19:53:02,18.9048,-3.5265,71.38,12,98,8.79
408,Baculin,PH,2022-01-26 19:53:02,7.4525,126.5842,76.8,85,78,2.28
409,Yasothon,TH,2022-01-26 19:53:02,15.75,104.1333,71.76,50,25,7.0
410,Homer,US,2022-01-26 19:53:03,59.6425,-151.5483,29.05,86,100,8.05
411,Alofi,NU,2022-01-26 19:53:03,-19.0595,-169.9187,80.49,89,5,6.91
412,Whitehorse,CA,2022-01-26 19:53:03,60.7161,-135.0538,18.37,89,75,2.3
413,Hampton,US,2022-01-26 19:54:04,37.0299,-76.3452,39.22,56,20,3.0
414,Ahuimanu,US,2022-01-26 19:54:04,21.4447,-157.8378,78.46,71,75,5.99
415,Mayo,US,2022-01-26 19:54:04,38.8876,-76.5119,34.99,41,0,8.01
416,Mashhad,IR,2022-01-26 19:50:41,36.297,59.6062,35.74,55,0,4.61
417,Suntar,RU,2022-01-26 19:54:05,62.1444,117.6319,-2.33,96,100,6.73
418,Roald,NO,2022-01-26 19:54:05,62.5833,6.1333,40.91,87,75,13.8
419,Yulara,AU,2022-01-26 19:54:05,-25.2406,130.9889,78.64,65,77,2.3
420,Sabzevar,IR,2022-01-26 19:54:06,36.2126,57.6819,42.01,37,3,1.16
421,Mitsamiouli,KM,2022-01-26 19:54:06,-11.3847,43.2844,80.06,77,96,4.74
422,Whitianga,NZ,2022-01-26 19:54:06,-36.8333,175.7,70.02,65,46,9.17
423,Aden,YE,2022-01-26 19:54:07,12.7794,45.0367,76.28,65,14,9.95
424,Vao,NC,2022-01-26 19:54:07,-22.6667,167.4833,77.58,81,100,13.0
425,Tecoanapa,MX,2022-01-26 19:54:07,16.5167,-98.75,82.67,63,0,9.53
426,Bitung,ID,2022-01-26 19:54:08,1.4451,125.1824,76.05,81,100,3.13
427,Kimberley,ZA,2022-01-26 19:54:08,-28.7323,24.7623,69.49,68,100,4.61
428,Liverpool,GB,2022-01-26 19:54:08,53.4106,-2.9779,48.15,79,75,5.01
429,Batticaloa,LK,2022-01-26 19:54:09,7.7102,81.6924,75.09,69,24,2.62
430,Mattru,SL,2022-01-26 19:54:09,7.6244,-11.8332,78.15,72,93,6.22
431,Tabas,IR,2022-01-26 19:54:09,33.5959,56.9244,50.67,30,9,5.55
432,Mangrul Pir,IN,2022-01-26 19:54:10,20.3167,77.35,56.37,44,0,7.23
433,Yar-Sale,RU,2022-01-26 19:54:10,66.8333,70.8333,3.38,95,98,11.56
434,Jiayuguan,CN,2022-01-26 19:54:10,39.8167,98.3,17.56,45,100,2.82
435,Vizianagaram,IN,2022-01-26 19:54:11,18.1167,83.4167,72.91,85,0,3.11
436,Susa,TN,2022-01-26 19:54:11,35.8254,10.637,50.52,56,0,5.59
437,Grafenau,DE,2022-01-26 19:54:11,48.8577,13.3974,31.91,71,100,4.54
438,Katsuura,JP,2022-01-26 19:54:12,35.1333,140.3,39.31,82,74,9.01
439,Swift Current,CA,2022-01-26 19:54:12,50.2834,-107.8014,31.01,93,100,23.02
440,Porto Velho,BR,2022-01-26 19:54:12,-8.7619,-63.9039,77.05,88,40,5.75
441,Misratah,LY,2022-01-26 19:54:13,32.3754,15.0925,53.83,57,36,9.98
442,Ngunguru,NZ,2022-01-26 19:54:13,-35.6167,174.5,69.17,81,100,12.62
443,Mecca,SA,2022-01-26 19:54:13,21.4267,39.8261,67.17,65,65,12.17
444,Melton,AU,2022-01-26 19:49:44,-37.6833,144.5833,73.8,92,100,11.14
445,Verkhnyaya Toyma,RU,2022-01-26 19:54:14,62.2349,44.9985,-6.45,100,99,1.43
446,Ayan,RU,2022-01-26 19:54:14,56.45,138.1667,-2.31,71,92,10.49
447,Carballo,ES,2022-01-26 19:54:14,43.213,-8.691,49.87,94,0,2.62
448,Moose Factory,CA,2022-01-26 19:54:15,51.2585,-80.6094,3.2,66,0,17.27
449,Reconquista,AR,2022-01-26 19:50:15,-29.15,-59.65,83.01,71,100,4.79
450,Maningrida,AU,2022-01-26 19:54:15,-12.0667,134.2667,78.76,86,100,6.71
451,Korla,CN,2022-01-26 19:54:16,41.7597,86.1469,23.0,64,0,2.1
452,Lodwar,KE,2022-01-26 19:54:16,3.1191,35.5973,83.35,34,0,12.82
453,Roura,GF,2022-01-26 19:54:16,4.7263,-52.3274,75.11,94,75,8.05
454,Samarai,PG,2022-01-26 19:54:16,-10.6167,150.6667,81.79,80,100,6.49
455,Santa Rosalia,MX,2022-01-26 19:54:17,27.3167,-112.2833,65.59,46,100,9.82
456,Weyburn,CA,2022-01-26 19:54:17,49.6668,-103.8511,32.22,86,100,28.77
457,Souillac,MU,2022-01-26 19:55:18,-20.5167,57.5167,75.58,69,20,3.44
458,Salisbury,GB,2022-01-26 19:55:18,51.0693,-1.7957,45.32,83,87,8.25
459,Chuka,KE,2022-01-26 19:55:18,-0.3332,37.6459,60.31,71,10,4.65
460,Sorong,ID,2022-01-26 19:55:19,-0.8833,131.25,80.82,81,100,11.16
461,Nyurba,RU,2022-01-26 19:55:19,63.2842,118.3319,-5.39,99,100,5.03
462,Muros,ES,2022-01-26 19:55:19,42.7762,-9.0603,52.23,73,0,9.78
463,Suba,PH,2022-01-26 19:55:20,10.8438,121.0102,80.92,82,21,8.41
464,Christchurch,NZ,2022-01-26 19:50:30,-43.5333,172.6333,57.33,77,42,4.0
465,Alice Springs,AU,2022-01-26 19:55:20,-23.7,133.8833,78.35,73,94,0.0
466,Anadyr,RU,2022-01-26 19:55:20,64.75,177.4833,-23.3,95,100,2.42
467,Genhe,CN,2022-01-26 19:55:21,50.7833,121.5167,-17.16,100,99,1.5
468,Ucluelet,CA,2022-01-26 19:55:21,48.9329,-125.5528,42.1,94,40,4.29
469,Aswan,EG,2022-01-26 19:55:21,24.0934,32.907,54.7,35,0,5.75
470,Ibra,OM,2022-01-26 19:55:22,22.6906,58.5334,63.73,48,5,2.35
471,Acajutla,SV,2022-01-26 19:55:22,13.5928,-89.8275,91.8,64,32,8.41
472,Guilin,CN,2022-01-26 19:55:23,25.2819,110.2864,44.71,90,100,6.22
473,Eyrarbakki,IS,2022-01-26 19:55:23,63.863,-21.1481,30.25,84,96,5.84
474,Nazarovo,RU,2022-01-26 19:55:23,56.0064,90.3914,8.89,97,100,2.28
475,Shahr-E Babak,IR,2022-01-26 19:55:24,30.1165,55.1186,45.57,54,0,5.61
476,Buin,CL,2022-01-26 19:55:24,-33.7333,-70.75,87.06,25,0,15.05
477,Biga,TR,2022-01-26 19:55:24,40.2281,27.2422,22.68,81,25,6.29
478,Rio Verde De Mato Grosso,BR,2022-01-26 19:55:24,-18.9181,-54.8442,89.37,51,76,7.05
479,Kristinehamn,SE,2022-01-26 19:55:25,59.3098,14.1081,37.96,85,81,6.89
480,Inuvik,CA,2022-01-26 19:55:25,68.3499,-133.7218,4.06,81,100,5.75
481,Marzuq,YE,2022-01-26 19:55:26,14.4,46.4667,60.21,72,0,2.77
482,Muroto,JP,2022-01-26 19:55:26,33.2833,134.15,50.13,62,81,4.34
483,Batemans Bay,AU,2022-01-26 19:55:26,-35.7167,150.1833,67.91,87,5,4.54
484,Londiani,KE,2022-01-26 19:55:26,-0.165,35.5909,51.96,64,1,3.69
485,Cap Malheureux,MU,2022-01-26 19:55:27,-19.9842,57.6142,75.69,68,1,3.0
486,Mwense,ZM,2022-01-26 19:55:27,-10.3845,28.698,66.16,96,100,2.66
487,Waddan,LY,2022-01-26 19:55:27,29.1614,16.139,46.96,49,4,7.09
488,Tibati,CM,2022-01-26 19:55:28,6.4667,12.6333,74.01,19,97,9.1
489,Morlaix,FR,2022-01-26 19:55:28,48.5833,-4.0,39.25,91,16,8.05
490,Kalmunai,LK,2022-01-26 19:55:28,7.4167,81.8167,73.56,73,69,4.09
491,Marawi,PH,2022-01-26 19:55:29,7.9986,124.2928,66.65,92,37,2.08
492,Parabel,RU,2022-01-26 19:55:29,58.6978,81.4825,-13.81,100,100,1.7
493,Kitob,UZ,2022-01-26 19:55:29,39.0843,66.8332,32.58,38,0,5.32
494,Atascadero,US,2022-01-26 19:55:30,35.4894,-120.6707,66.63,60,0,1.72
495,Mlimba,TZ,2022-01-26 19:55:30,-8.8,35.8167,71.85,96,100,2.57
496,San Patricio,US,2022-01-26 19:55:30,28.017,-97.5169,64.49,61,100,10.56
497,Blackwater,AU,2022-01-26 19:55:31,-23.5833,148.8833,72.63,88,100,7.63
498,Mancio Lima,BR,2022-01-26 19:55:31,-7.6142,-72.8958,84.27,70,40,5.75
499,Tomas Oppus,PH,2022-01-26 19:55:31,10.2506,124.9831,77.49,91,59,5.82
500,Etchoropo,MX,2022-01-26 19:55:32,26.7667,-109.6667,75.42,28,88,7.31
501,Vitim,RU,2022-01-26 19:55:32,59.4511,112.5578,-4.29,99,97,3.62
502,Lasa,IT,2022-01-26 19:55:32,46.6166,10.7002,33.37,64,13,6.29
503,Minab,IR,2022-01-26 19:55:32,27.1467,57.0801,56.7,76,0,0.0
504,Imbituba,BR,2022-01-26 19:56:33,-28.24,-48.6703,87.69,72,11,17.31
505,Zhongshu,CN,2022-01-26 19:56:33,24.5167,103.7667,50.23,92,91,4.18
506,Itarema,BR,2022-01-26 19:56:33,-2.9248,-39.9167,82.04,72,100,15.19
507,Tarnogskiy Gorodok,RU,2022-01-26 19:56:34,60.4997,43.5761,-3.32,100,100,2.46
508,Port Moresby,PG,2022-01-26 19:55:16,-9.4431,147.1797,76.89,84,100,3.2
509,Banda Aceh,ID,2022-01-26 19:56:34,5.5577,95.3222,78.3,81,57,5.28
510,Palmer,US,2022-01-26 19:56:34,42.1584,-72.3287,25.72,29,30,5.99
511,Halifax,CA,2022-01-26 19:55:52,44.6453,-63.5724,30.0,63,75,3.0
512,Regen,DE,2022-01-26 19:56:35,48.9667,13.1333,32.5,71,100,3.96
513,Mahajanga,MG,2022-01-26 19:56:35,-15.7167,46.3167,78.82,83,20,4.61
514,Sao Domingos,BR,2022-01-26 19:56:35,-13.3983,-46.3183,75.6,81,100,3.09
515,Magadan,RU,2022-01-26 19:56:36,59.5667,150.8,-9.51,74,69,10.54
516,Aksha,RU,2022-01-26 19:56:36,50.2814,113.2867,-11.97,98,37,3.38
517,Inzhavino,RU,2022-01-26 19:56:36,52.3185,42.4937,-0.76,100,100,3.98
518,Abu Zabad,SD,2022-01-26 19:56:37,12.35,29.25,68.07,17,100,18.45
519,Simao,CN,2022-01-26 19:56:37,22.7886,100.9748,54.43,82,100,1.1
520,Karratha,AU,2022-01-26 19:56:37,-20.7377,116.8463,80.31,67,7,10.67
521,Saint-Leu,RE,2022-01-26 19:56:38,-21.15,55.2833,72.46,66,34,9.17
522,Kalabo,ZM,2022-01-26 19:56:38,-14.97,22.6814,67.28,91,100,4.03
523,Morden,CA,2022-01-26 19:56:38,49.1919,-98.1014,33.66,75,85,17.27
524,Sinalunga,IT,2022-01-26 19:56:39,43.2152,11.7495,47.25,86,97,2.51
525,Cockburn Town,TC,2022-01-26 19:53:56,21.4612,-71.1419,77.92,71,2,8.9
526,Dinar,TR,2022-01-26 19:56:39,38.065,30.1656,21.16,94,10,4.81
527,Ostrovnoy,RU,2022-01-26 19:56:39,68.0531,39.5131,8.82,91,5,15.26
528,Vysokogornyy,RU,2022-01-26 19:56:40,50.1167,139.15,-13.07,100,97,2.37
529,Ziro,IN,2022-01-26 19:56:40,27.6333,93.8333,35.15,95,100,2.08
530,Broken Hill,AU,2022-01-26 19:56:40,-31.95,141.4333,82.11,47,100,9.22
531,Ouegoa,NC,2022-01-26 19:56:41,-20.35,164.4333,79.5,78,95,9.93
532,Klishkivtsi,UA,2022-01-26 19:56:41,48.4316,26.2623,31.68,94,100,7.36
533,Yumen,CN,2022-01-26 19:56:41,40.2833,97.2,18.39,46,48,5.97
534,Gouyave,GD,2022-01-26 19:56:42,12.1646,-61.7296,81.37,74,75,9.22
535,Presidencia Roque Saenz Pena,AR,2022-01-26 19:56:42,-26.7852,-60.4388,91.09,51,46,16.35
536,Vestmannaeyjar,IS,2022-01-26 19:56:42,63.4427,-20.2734,34.03,76,87,8.3
537,Paita,PE,2022-01-26 19:56:43,-5.0892,-81.1144,82.96,68,92,12.06
538,Emerald,AU,2022-01-26 19:56:43,-23.5333,148.1667,77.14,78,100,6.91
539,Evensk,RU,2022-01-26 19:56:43,61.95,159.2333,3.06,94,100,7.85
540,Valparaiso,CL,2022-01-26 19:56:44,-33.0393,-71.6273,75.43,54,0,8.05
541,San Juan Del Sur,NI,2022-01-26 19:56:44,11.2529,-85.8705,84.42,54,40,4.61
542,Barcelos,PT,2022-01-26 19:52:47,41.5388,-8.6151,53.85,71,0,5.26
543,Rocha,UY,2022-01-26 19:55:26,-34.4833,-54.3333,71.67,96,100,3.91
544,Kapuskasing,CA,2022-01-26 19:56:44,49.4169,-82.4331,3.29,72,100,16.11
545,Timra,SE,2022-01-26 19:56:45,62.487,17.3257,34.68,77,75,4.61
546,Nemuro,JP,2022-01-26 19:51:48,43.3236,145.575,27.41,91,100,1.45
547,Tombouctou,ML,2022-01-26 19:56:45,20.0,-3.0,70.88,13,91,10.2
548,Laizhou,CN,2022-01-26 19:56:46,37.1717,119.9214,27.55,64,97,6.46
549,Los Banos,PH,2022-01-26 19:56:46,14.1667,121.1833,77.49,92,45,6.6
550,Rio Grande,BR,2022-01-26 19:56:46,-32.035,-52.0986,86.11,87,100,17.0
551,Itoman,JP,2022-01-26 19:57:47,26.1247,127.6694,62.62,82,1,5.75
552,Vila Velha,BR,2022-01-26 19:57:47,-20.3297,-40.2925,84.43,69,0,8.05
553,Dulyapino,RU,2022-01-26 19:57:47,57.2578,40.8147,-0.89,100,100,2.89
554,Mazyr,BY,2022-01-26 19:57:48,52.0495,29.2456,11.19,97,92,3.58
555,Wuxue,CN,2022-01-26 19:57:48,29.8506,115.5525,40.69,94,100,2.89
556,Les Cayes,HT,2022-01-26 19:57:48,18.2,-73.75,81.41,65,45,9.44
557,Sechura,PE,2022-01-26 19:57:49,-5.5569,-80.8222,79.86,61,99,10.65
558,Olga,RU,2022-01-26 19:57:49,43.7444,135.2892,14.65,64,2,10.09
559,Benghazi,LY,2022-01-26 19:57:49,32.1167,20.0667,54.88,58,100,17.2
560,Longkou,CN,2022-01-26 19:57:50,37.6508,120.3286,31.46,56,52,11.56
561,Republic,US,2022-01-26 19:57:50,37.12,-93.4802,35.38,28,12,1.99
562,Save,BJ,2022-01-26 19:57:50,8.0425,2.486,85.19,13,0,1.74
563,Dukat,RU,2022-01-26 19:57:50,62.55,155.55,-34.26,99,75,4.16
564,Terra Santa,BR,2022-01-26 19:57:51,-2.1042,-56.4869,84.43,69,100,0.89
565,Mayor Pablo Lagerenza,PY,2022-01-26 19:57:51,-19.9309,-60.7718,105.13,21,64,8.77
566,Agadez,NE,2022-01-26 19:57:51,19.75,10.25,56.8,26,98,10.16
567,Najran,SA,2022-01-26 19:57:52,17.4924,44.1277,59.65,23,2,2.53
568,Port Hawkesbury,CA,2022-01-26 19:57:52,45.6169,-61.3485,29.17,79,75,7.0
569,Motala,SE,2022-01-26 19:57:52,58.5371,15.0365,38.98,77,39,5.99
